cell	step	key	executable	argumentsJson	expectedExit	execute	commandDisplay	evidence
F17	failed	F17.failed	wsl.exe	["-d","Ubuntu-24.04","--","bash","-lc","findmnt -rn -t fuse.bug139 2>/dev/null || true; ps -eo pid=,comm=,args= | awk '$2 == \"bug139-fuse\" || $2 == \"realpath\" {print}'"]	-1	false	wsl.exe -d Ubuntu-24.04 -- bash -lc "findmnt -rn -t fuse.bug139 2>/dev/null || true; ps -eo pid=,comm=,args= | awk '$2 == \"bug139-fuse\" || $2 == \"realpath\" {print}'"	docs/receipts/artifacts/BUG-TRIAGE-139/fifteenth-remediation/final/failed/native-cleanup-probe-quoting-error.txt#sha256=1E75979A339DFE9B789042302CB9175F355C2821CB9162FFE146F6351E9326EC
F17	replacement	F17.replacement	wsl.exe	["-d","Ubuntu-24.04","--","bash","-lc","findmnt -rn -t fuse.bug139 2>/dev/null || true; ps -C bug139-fuse -C realpath -o pid=,comm=,args= 2>/dev/null || true"]	0	false	wsl.exe -d Ubuntu-24.04 -- bash -lc "findmnt -rn -t fuse.bug139 2>/dev/null || true; ps -C bug139-fuse -C realpath -o pid=,comm=,args= 2>/dev/null || true"	docs/receipts/artifacts/BUG-TRIAGE-139/fifteenth-remediation/final/failed/native-cleanup-probe-quoting-error.txt#sha256=1E75979A339DFE9B789042302CB9175F355C2821CB9162FFE146F6351E9326EC
G37	heads-containing-rejected	G37.01	git	["for-each-ref","refs/heads","--contains","4e0751530fdb6035a8195bfd411260260002ef48","--format=%(refname) %(objectname)"]	0	true	git for-each-ref refs/heads --contains 4e0751530fdb6035a8195bfd411260260002ef48 --format=%(refname) %(objectname)	runtime-verification
G37	remote-tags-containing-rejected	G37.02	git	["for-each-ref","refs/remotes","refs/tags","--contains","4e0751530fdb6035a8195bfd411260260002ef48","--format=%(refname) %(objectname)"]	0	true	git for-each-ref refs/remotes refs/tags --contains 4e0751530fdb6035a8195bfd411260260002ef48 --format=%(refname) %(objectname)	runtime-verification
G37	upstream	G37.03	git	["rev-parse","--abbrev-ref","--symbolic-full-name","@{upstream}"]	128	true	git rev-parse --abbrev-ref --symbolic-full-name @{upstream}	runtime-verification
G37	origin-develop-ancestor	G37.04	git	["merge-base","--is-ancestor","4e0751530fdb6035a8195bfd411260260002ef48","refs/remotes/origin/develop"]	1	true	git merge-base --is-ancestor 4e0751530fdb6035a8195bfd411260260002ef48 refs/remotes/origin/develop	runtime-verification
G37	origin-main-ancestor	G37.05	git	["merge-base","--is-ancestor","4e0751530fdb6035a8195bfd411260260002ef48","refs/remotes/origin/main"]	1	true	git merge-base --is-ancestor 4e0751530fdb6035a8195bfd411260260002ef48 refs/remotes/origin/main	runtime-verification
G37	deployment-command-audit	G37.06	rg	["-n","-i","--glob","*command.txt","git\\s+push|UpdateService|msiexec|\\bdeploy(?:ment)?\\b","docs/receipts/artifacts/BUG-TRIAGE-139/twelfth-green","docs/receipts/artifacts/BUG-TRIAGE-139/fourteenth-green"]	1	true	rg -n -i --glob *command.txt git\s+push|UpdateService|msiexec|\bdeploy(?:ment)?\b docs/receipts/artifacts/BUG-TRIAGE-139/twelfth-green docs/receipts/artifacts/BUG-TRIAGE-139/fourteenth-green	runtime-verification
G37	candidate-range-log	G37.07	git	["log","--format=%H %cI %s","4e0751530fdb6035a8195bfd411260260002ef48..b93c97b702f01ab5dc6e823a4bc5784a3351132a"]	0	true	git log --format=%H %cI %s 4e0751530fdb6035a8195bfd411260260002ef48..b93c97b702f01ab5dc6e823a4bc5784a3351132a	runtime-verification
G38	pair-01-old	G38.01.old	git	["rev-parse","5ed125b9453cdfac1f659e44d8a64f000c44b7d0^{tree}"]	0	true	git rev-parse 5ed125b9453cdfac1f659e44d8a64f000c44b7d0^{tree}	runtime-verification
G38	pair-01-new	G38.01.new	git	["rev-parse","65fcf257d6e02e24dea681228ea5131fd50aa367^{tree}"]	0	true	git rev-parse 65fcf257d6e02e24dea681228ea5131fd50aa367^{tree}	runtime-verification
G38	pair-02-old	G38.02.old	git	["rev-parse","f69ff552790f74658f999397294b4f80c78a3ca1^{tree}"]	0	true	git rev-parse f69ff552790f74658f999397294b4f80c78a3ca1^{tree}	runtime-verification
G38	pair-02-new	G38.02.new	git	["rev-parse","10f45b46902985566bdc81a4f353d9bfcd2d97d8^{tree}"]	0	true	git rev-parse 10f45b46902985566bdc81a4f353d9bfcd2d97d8^{tree}	runtime-verification
G38	pair-03-old	G38.03.old	git	["rev-parse","1129116d4878e37d5598f09323d68f193e5b4104^{tree}"]	0	true	git rev-parse 1129116d4878e37d5598f09323d68f193e5b4104^{tree}	runtime-verification
G38	pair-03-new	G38.03.new	git	["rev-parse","9dc85cbeec1963cf6d7a05ef91e04188f0f768b9^{tree}"]	0	true	git rev-parse 9dc85cbeec1963cf6d7a05ef91e04188f0f768b9^{tree}	runtime-verification
G38	pair-04-old	G38.04.old	git	["rev-parse","ed07c15f48fe753a5282244ceea8098828845e00^{tree}"]	0	true	git rev-parse ed07c15f48fe753a5282244ceea8098828845e00^{tree}	runtime-verification
G38	pair-04-new	G38.04.new	git	["rev-parse","37c36f6087373bdfb4960c2a05fe08136ea155dc^{tree}"]	0	true	git rev-parse 37c36f6087373bdfb4960c2a05fe08136ea155dc^{tree}	runtime-verification
G38	pair-05-old	G38.05.old	git	["rev-parse","32cf0a72c05a0837fc53dd2599f784cedf181db0^{tree}"]	0	true	git rev-parse 32cf0a72c05a0837fc53dd2599f784cedf181db0^{tree}	runtime-verification
G38	pair-05-new	G38.05.new	git	["rev-parse","fea1ef72c236a7d7f8b9b62344fc1ab35e61b17b^{tree}"]	0	true	git rev-parse fea1ef72c236a7d7f8b9b62344fc1ab35e61b17b^{tree}	runtime-verification
G38	pair-06-old	G38.06.old	git	["rev-parse","a32f236524a01856edef4eea9935b710bae6f76c^{tree}"]	0	true	git rev-parse a32f236524a01856edef4eea9935b710bae6f76c^{tree}	runtime-verification
G38	pair-06-new	G38.06.new	git	["rev-parse","caf5a61f797766175b931dde5952615160c35516^{tree}"]	0	true	git rev-parse caf5a61f797766175b931dde5952615160c35516^{tree}	runtime-verification
G38	pair-07-old	G38.07.old	git	["rev-parse","65ecfba4b0b1c14d4ce811edb1be0ad71abde8ae^{tree}"]	0	true	git rev-parse 65ecfba4b0b1c14d4ce811edb1be0ad71abde8ae^{tree}	runtime-verification
G38	pair-07-new	G38.07.new	git	["rev-parse","db0e6950de907cc9008b24c689210a864d90295d^{tree}"]	0	true	git rev-parse db0e6950de907cc9008b24c689210a864d90295d^{tree}	runtime-verification
